"","time_s","temp_c","run"
"1",0,50.1,"run_1"
"2",1,50.1,"run_1"
"3",2,50.1,"run_1"
"4",3,50.2,"run_1"
"5",4,50.3,"run_1"
"6",5,50.3,"run_1"
"7",6,50.3,"run_1"
"8",7,50.3,"run_1"
"9",8,50.3,"run_1"
"10",9,50.3,"run_1"
"11",10,50.3,"run_1"
"12",11,50.2,"run_1"
"13",12,50.2,"run_1"
"14",13,50.1,"run_1"
"15",14,50.1,"run_1"
"16",15,50,"run_1"
"17",16,49.9,"run_1"
"18",17,49.8,"run_1"
"19",18,49.7,"run_1"
"20",19,49.6,"run_1"
"21",20,49.6,"run_1"
"22",21,49.4,"run_1"
"23",22,49.3,"run_1"
"24",23,49.2,"run_1"
"25",24,49.2,"run_1"
"26",25,49.1,"run_1"
"27",26,49,"run_1"
"28",27,49,"run_1"
"29",28,48.9,"run_1"
"30",29,48.8,"run_1"
"31",30,48.7,"run_1"
"32",31,48.6,"run_1"
"33",32,48.5,"run_1"
"34",33,48.4,"run_1"
"35",34,48.4,"run_1"
"36",35,48.3,"run_1"
"37",36,48.2,"run_1"
"38",37,48.1,"run_1"
"39",38,48.1,"run_1"
"40",39,47.9,"run_1"
"41",40,47.9,"run_1"
"42",41,47.8,"run_1"
"43",42,47.7,"run_1"
"44",43,47.6,"run_1"
"45",44,47.5,"run_1"
"46",45,47.5,"run_1"
"47",46,47.4,"run_1"
"48",47,47.3,"run_1"
"49",48,47.3,"run_1"
"50",49,47.2,"run_1"
"51",50,47.2,"run_1"
"52",51,47.1,"run_1"
"53",52,47,"run_1"
"54",53,47,"run_1"
"55",54,46.9,"run_1"
"56",55,46.9,"run_1"
"57",56,46.9,"run_1"
"58",57,46.8,"run_1"
"59",58,46.8,"run_1"
"60",59,46.7,"run_1"
"61",60,46.7,"run_1"
"62",61,46.6,"run_1"
"63",62,46.6,"run_1"
"64",63,46.5,"run_1"
"65",64,46.5,"run_1"
"66",65,46.4,"run_1"
"67",66,46.4,"run_1"
"68",67,46.4,"run_1"
"69",68,46.3,"run_1"
"70",69,46.3,"run_1"
"71",70,46.2,"run_1"
"72",71,46.2,"run_1"
"73",72,46.1,"run_1"
"74",73,46.1,"run_1"
"75",74,46.1,"run_1"
"76",75,46,"run_1"
"77",76,46,"run_1"
"78",77,46,"run_1"
"79",78,45.9,"run_1"
"80",79,45.9,"run_1"
"81",80,45.8,"run_1"
"82",81,45.8,"run_1"
"83",82,45.8,"run_1"
"84",83,45.8,"run_1"
"85",84,45.8,"run_1"
"86",85,45.7,"run_1"
"87",86,45.7,"run_1"
"88",87,45.7,"run_1"
"89",88,45.7,"run_1"
"90",89,45.7,"run_1"
"91",90,45.6,"run_1"
"92",91,45.6,"run_1"
"93",92,45.5,"run_1"
"94",93,45.5,"run_1"
"95",94,45.4,"run_1"
"96",95,45.4,"run_1"
"97",96,45.3,"run_1"
"98",97,45.3,"run_1"
"99",98,45.3,"run_1"
"100",99,45.2,"run_1"
"101",100,45.2,"run_1"
"102",101,45.2,"run_1"
"103",102,45.1,"run_1"
"104",103,45.1,"run_1"
"105",104,45.1,"run_1"
"106",105,45.1,"run_1"
"107",106,45,"run_1"
"108",107,45,"run_1"
"109",108,45,"run_1"
"110",109,45,"run_1"
"111",110,45,"run_1"
"112",111,44.9,"run_1"
"113",112,44.9,"run_1"
"114",113,44.9,"run_1"
"115",114,44.8,"run_1"
"116",115,44.8,"run_1"
"117",116,44.8,"run_1"
"118",117,44.8,"run_1"
"119",118,44.7,"run_1"
"120",119,44.7,"run_1"
"121",120,44.6,"run_1"
"122",121,44.6,"run_1"
"123",122,44.6,"run_1"
"124",123,44.5,"run_1"
"125",124,44.5,"run_1"
"126",125,44.5,"run_1"
"127",126,44.4,"run_1"
"128",127,44.4,"run_1"
"129",128,44.4,"run_1"
"130",129,44.3,"run_1"
"131",130,44.3,"run_1"
"132",131,44.3,"run_1"
"133",132,44.2,"run_1"
"134",133,44.2,"run_1"
"135",134,44.1,"run_1"
"136",135,44.1,"run_1"
"137",136,44.1,"run_1"
"138",137,44.1,"run_1"
"139",138,44,"run_1"
"140",139,44,"run_1"
"141",140,44,"run_1"
"142",141,43.9,"run_1"
"143",142,43.9,"run_1"
"144",143,43.9,"run_1"
"145",144,43.9,"run_1"
"146",145,43.8,"run_1"
"147",146,43.8,"run_1"
"148",147,43.8,"run_1"
"149",148,43.8,"run_1"
"150",149,43.8,"run_1"
"151",150,43.8,"run_1"
"152",151,43.8,"run_1"
"153",152,43.8,"run_1"
"154",153,43.7,"run_1"
"155",154,43.7,"run_1"
"156",155,43.6,"run_1"
"157",156,43.6,"run_1"
"158",157,43.5,"run_1"
"159",158,43.5,"run_1"
"160",159,43.5,"run_1"
"161",160,43.5,"run_1"
"162",161,43.4,"run_1"
"163",162,43.4,"run_1"
"164",163,43.4,"run_1"
"165",164,43.3,"run_1"
"166",165,43.3,"run_1"
"167",166,43.3,"run_1"
"168",167,43.2,"run_1"
"169",168,43.2,"run_1"
"170",169,43.2,"run_1"
"171",170,43.1,"run_1"
"172",171,43.1,"run_1"
"173",172,43.1,"run_1"
"174",173,43,"run_1"
"175",174,43,"run_1"
"176",175,43,"run_1"
"177",176,42.9,"run_1"
"178",177,42.9,"run_1"
"179",178,42.9,"run_1"
"180",179,42.8,"run_1"
"181",180,42.8,"run_1"
"182",181,42.8,"run_1"
"183",182,42.8,"run_1"
"184",183,42.7,"run_1"
"185",184,42.7,"run_1"
"186",185,42.7,"run_1"
"187",186,42.7,"run_1"
"188",187,42.6,"run_1"
"189",188,42.6,"run_1"
"190",189,42.6,"run_1"
"191",190,42.5,"run_1"
"192",191,42.5,"run_1"
"193",192,42.5,"run_1"
"194",193,42.4,"run_1"
"195",194,42.4,"run_1"
"196",195,42.4,"run_1"
"197",196,42.4,"run_1"
"198",197,42.4,"run_1"
"199",198,42.3,"run_1"
"200",199,42.3,"run_1"
"201",200,42.3,"run_1"
"202",201,42.3,"run_1"
"203",202,42.2,"run_1"
"204",203,42.2,"run_1"
"205",204,42.2,"run_1"
"206",205,42.2,"run_1"
"207",206,42.1,"run_1"
"208",207,42,"run_1"
"209",208,42,"run_1"
"210",209,42,"run_1"
"211",210,42,"run_1"
"212",211,41.9,"run_1"
"213",212,41.9,"run_1"
"214",213,41.9,"run_1"
"215",214,41.9,"run_1"
"216",215,41.9,"run_1"
"217",216,41.9,"run_1"
"218",217,41.8,"run_1"
"219",218,41.8,"run_1"
"220",219,41.7,"run_1"
"221",220,41.7,"run_1"
"222",221,41.7,"run_1"
"223",222,41.7,"run_1"
"224",223,41.6,"run_1"
"225",224,41.6,"run_1"
"226",225,41.5,"run_1"
"227",226,41.5,"run_1"
"228",227,41.5,"run_1"
"229",228,41.5,"run_1"
"230",229,41.4,"run_1"
"231",230,41.4,"run_1"
"232",231,41.4,"run_1"
"233",232,41.3,"run_1"
"234",233,41.3,"run_1"
"235",234,41.3,"run_1"
"236",235,41.2,"run_1"
"237",236,41.1,"run_1"
"238",237,41,"run_1"
"239",238,40.9,"run_1"
"240",239,40.8,"run_1"
"241",240,40.8,"run_1"
"242",241,40.9,"run_1"
"243",242,40.9,"run_1"
"244",243,40.9,"run_1"
"245",244,40.9,"run_1"
"246",245,40.9,"run_1"
"247",246,41,"run_1"
"248",247,40.9,"run_1"
"249",248,40.9,"run_1"
"250",249,40.9,"run_1"
"251",250,40.9,"run_1"
"252",251,40.8,"run_1"
"253",252,40.8,"run_1"
"254",253,40.8,"run_1"
"255",254,40.8,"run_1"
"256",255,40.7,"run_1"
"257",256,40.7,"run_1"
"258",257,40.7,"run_1"
"259",258,40.6,"run_1"
"260",259,40.6,"run_1"
"261",260,40.6,"run_1"
"262",261,40.6,"run_1"
"263",262,40.5,"run_1"
"264",263,40.5,"run_1"
"265",264,40.5,"run_1"
"266",265,40.5,"run_1"
"267",266,40.5,"run_1"
"268",267,40.5,"run_1"
"269",268,40.5,"run_1"
"270",269,40.5,"run_1"
"271",270,40.5,"run_1"
"272",271,40.4,"run_1"
"273",272,40.4,"run_1"
"274",273,40.4,"run_1"
"275",274,40.4,"run_1"
"276",275,40.4,"run_1"
"277",276,40.4,"run_1"
"278",277,40.3,"run_1"
"279",278,40.3,"run_1"
"280",279,40.3,"run_1"
"281",280,40.2,"run_1"
"282",281,40.2,"run_1"
"283",282,40.3,"run_1"
"284",283,40.2,"run_1"
"285",284,40.2,"run_1"
"286",285,40.2,"run_1"
"287",286,40.2,"run_1"
"288",287,40.1,"run_1"
"289",288,40.1,"run_1"
"290",289,40,"run_1"
"291",290,40,"run_1"
"292",291,40,"run_1"
"293",292,39.9,"run_1"
"294",293,39.9,"run_1"
"295",294,39.9,"run_1"
"296",295,39.9,"run_1"
"297",296,39.9,"run_1"
"298",297,39.9,"run_1"
"299",298,39.9,"run_1"
"300",299,39.9,"run_1"
"301",300,39.9,"run_1"
"302",341,39.1,"run_1"
"303",342,39.1,"run_1"
"304",343,39.1,"run_1"
"305",344,39,"run_1"
"306",345,39,"run_1"
"307",346,39,"run_1"
"308",347,39,"run_1"
"309",348,39,"run_1"
"310",349,39,"run_1"
"311",350,39,"run_1"
"312",351,39,"run_1"
"313",352,39,"run_1"
"314",353,39,"run_1"
"315",354,39,"run_1"
"316",355,39,"run_1"
"317",356,39,"run_1"
"318",357,39,"run_1"
"319",358,39,"run_1"
"320",359,38.9,"run_1"
"321",360,38.9,"run_1"
"322",361,39,"run_1"
"323",362,38.9,"run_1"
"324",363,38.9,"run_1"
"325",364,38.9,"run_1"
"326",365,39,"run_1"
"327",366,38.9,"run_1"
"328",367,38.9,"run_1"
"329",368,38.9,"run_1"
"330",369,38.9,"run_1"
"331",370,38.9,"run_1"
"332",371,38.9,"run_1"
"333",372,38.9,"run_1"
"334",373,38.9,"run_1"
"335",374,38.9,"run_1"
"336",375,38.9,"run_1"
"337",376,38.9,"run_1"
"338",377,38.9,"run_1"
"339",378,38.9,"run_1"
"340",379,38.9,"run_1"
"341",380,38.9,"run_1"
"342",381,38.9,"run_1"
"343",382,38.9,"run_1"
"344",383,38.9,"run_1"
"345",384,38.9,"run_1"
"346",385,38.9,"run_1"
"347",386,38.9,"run_1"
"348",387,38.9,"run_1"
"349",388,38.9,"run_1"
"350",389,38.9,"run_1"
"351",390,38.9,"run_1"
"352",391,38.9,"run_1"
"353",392,38.9,"run_1"
"354",393,38.9,"run_1"
"355",394,38.9,"run_1"
"356",395,38.9,"run_1"
"357",396,38.9,"run_1"
"358",397,38.9,"run_1"
"359",398,38.9,"run_1"
"360",399,38.9,"run_1"
"361",400,38.9,"run_1"
"362",401,38.9,"run_1"
"363",402,38.9,"run_1"
"364",403,38.9,"run_1"
"365",404,38.9,"run_1"
"366",405,38.9,"run_1"
"367",406,38.9,"run_1"
"368",407,38.9,"run_1"
"369",408,38.9,"run_1"
"370",409,38.9,"run_1"
"371",410,38.9,"run_1"
"372",411,38.9,"run_1"
"373",412,38.9,"run_1"
"374",413,38.9,"run_1"
"375",414,38.9,"run_1"
"376",415,38.9,"run_1"
"377",416,38.9,"run_1"
"378",417,38.9,"run_1"
"379",418,38.9,"run_1"
"380",419,38.9,"run_1"
"381",420,38.9,"run_1"
"382",421,38.9,"run_1"
"383",422,38.9,"run_1"
"384",423,38.9,"run_1"
"385",424,38.9,"run_1"
"386",425,38.9,"run_1"
"387",426,38.9,"run_1"
"388",427,38.9,"run_1"
"389",428,38.9,"run_1"
"390",429,38.9,"run_1"
"391",430,38.9,"run_1"
"392",431,38.9,"run_1"
"393",432,38.9,"run_1"
"394",433,38.9,"run_1"
"395",434,38.9,"run_1"
"396",435,38.9,"run_1"
"397",436,38.9,"run_1"
"398",437,38.9,"run_1"
"399",438,38.9,"run_1"
"400",439,38.9,"run_1"
"401",440,38.9,"run_1"
"402",441,38.9,"run_1"
"403",442,38.9,"run_1"
"404",443,38.9,"run_1"
"405",444,38.9,"run_1"
"406",445,38.9,"run_1"
"407",446,38.9,"run_1"
"408",447,38.9,"run_1"
"409",448,38.9,"run_1"
"410",449,38.9,"run_1"
"411",450,38.9,"run_1"
"412",451,38.9,"run_1"
"413",452,38.9,"run_1"
"414",453,38.9,"run_1"
"415",454,38.9,"run_1"
"416",455,38.9,"run_1"
"417",456,38.9,"run_1"
"418",457,38.9,"run_1"
"419",458,38.9,"run_1"
"420",459,38.9,"run_1"
"421",460,38.9,"run_1"
"422",461,38.9,"run_1"
"423",462,38.9,"run_1"
"424",463,38.9,"run_1"
"425",464,38.9,"run_1"
"426",465,38.9,"run_1"
"427",466,38.9,"run_1"
"428",467,38.9,"run_1"
"429",468,38.9,"run_1"
"430",469,38.9,"run_1"
"431",470,38.9,"run_1"
"432",471,38.9,"run_1"
"433",472,38.9,"run_1"
"434",473,38.9,"run_1"
"435",474,38.9,"run_1"
"436",475,38.9,"run_1"
"437",476,38.9,"run_1"
"438",477,38.9,"run_1"
"439",478,38.9,"run_1"
"440",479,38.9,"run_1"
"441",480,38.9,"run_1"
"442",481,38.9,"run_1"
"443",482,38.9,"run_1"
"444",483,38.9,"run_1"
"445",484,38.9,"run_1"
"446",485,38.9,"run_1"
"447",486,38.9,"run_1"
"448",487,38.9,"run_1"
"449",488,38.9,"run_1"
"450",489,38.9,"run_1"
"451",490,38.9,"run_1"
"452",491,38.9,"run_1"
"453",492,38.9,"run_1"
"454",493,38.9,"run_1"
"455",494,38.9,"run_1"
"456",495,38.9,"run_1"
"457",496,38.9,"run_1"
"458",497,38.9,"run_1"
"459",498,38.9,"run_1"
"460",499,38.9,"run_1"
"461",500,38.9,"run_1"
"462",501,38.9,"run_1"
"463",502,38.9,"run_1"
"464",503,38.9,"run_1"
"465",504,38.9,"run_1"
"466",505,38.9,"run_1"
"467",506,38.9,"run_1"
"468",507,38.9,"run_1"
"469",508,38.9,"run_1"
"470",509,38.9,"run_1"
"471",510,38.9,"run_1"
"472",511,38.9,"run_1"
"473",512,38.9,"run_1"
"474",513,38.9,"run_1"
"475",514,38.9,"run_1"
"476",515,38.9,"run_1"
"477",516,38.9,"run_1"
"478",517,38.9,"run_1"
"479",518,38.9,"run_1"
"480",519,38.9,"run_1"
"481",520,38.9,"run_1"
"482",521,38.9,"run_1"
"483",522,38.9,"run_1"
"484",523,38.9,"run_1"
"485",524,38.9,"run_1"
"486",525,38.9,"run_1"
"487",526,38.9,"run_1"
"488",527,38.9,"run_1"
"489",528,38.9,"run_1"
"490",529,38.9,"run_1"
"491",530,38.9,"run_1"
"492",531,38.9,"run_1"
"493",532,38.9,"run_1"
"494",533,38.9,"run_1"
"495",534,38.9,"run_1"
"496",535,38.9,"run_1"
"497",536,38.9,"run_1"
"498",537,38.9,"run_1"
"499",538,38.9,"run_1"
"500",539,38.9,"run_1"
"501",540,38.9,"run_1"
"502",541,38.9,"run_1"
"503",542,38.9,"run_1"
"504",543,38.9,"run_1"
"505",544,38.9,"run_1"
"506",545,38.9,"run_1"
"507",546,38.9,"run_1"
"508",547,38.9,"run_1"
"509",548,38.9,"run_1"
"510",549,38.9,"run_1"
"511",550,38.9,"run_1"
"512",551,38.9,"run_1"
"513",552,38.9,"run_1"
"514",553,38.9,"run_1"
"515",554,38.9,"run_1"
"516",555,38.9,"run_1"
"517",556,38.9,"run_1"
"518",557,38.9,"run_1"
"519",558,38.9,"run_1"
"520",559,38.9,"run_1"
"521",560,38.9,"run_1"
"522",561,38.9,"run_1"
"523",562,38.9,"run_1"
"524",563,38.9,"run_1"
"525",564,38.9,"run_1"
"526",565,38.9,"run_1"
"527",566,38.9,"run_1"
"528",567,38.9,"run_1"
"529",568,38.9,"run_1"
"530",569,38.9,"run_1"
"531",570,38.9,"run_1"
"532",571,38.9,"run_1"
"533",572,38.9,"run_1"
"534",573,38.9,"run_1"
"535",574,38.9,"run_1"
"536",575,38.9,"run_1"
"537",576,38.9,"run_1"
"538",577,38.9,"run_1"
"539",578,38.9,"run_1"
"540",579,38.9,"run_1"
"541",580,38.9,"run_1"
"542",581,38.9,"run_1"
"543",582,38.9,"run_1"
"544",583,38.9,"run_1"
"545",584,38.9,"run_1"
"546",585,38.9,"run_1"
"547",586,38.9,"run_1"
"548",587,38.9,"run_1"
"549",588,38.9,"run_1"
"550",589,38.9,"run_1"
"551",590,38.9,"run_1"
"552",591,38.9,"run_1"
"553",592,38.9,"run_1"
"554",593,38.9,"run_1"
"555",594,38.9,"run_1"
"556",595,38.9,"run_1"
"557",596,38.9,"run_1"
"558",597,38.9,"run_1"
"559",598,38.9,"run_1"
"560",599,38.9,"run_1"
"561",600,38.9,"run_1"
"562",601,38.9,"run_1"
"563",602,38.9,"run_1"
"564",603,38.9,"run_1"
"565",604,38.9,"run_1"
"566",605,38.9,"run_1"
"567",0,74.5,"run_2"
"568",1,74.3,"run_2"
"569",2,74.2,"run_2"
"570",3,74.1,"run_2"
"571",4,74,"run_2"
"572",5,73.8,"run_2"
"573",6,73.7,"run_2"
"574",7,73.6,"run_2"
"575",8,73.4,"run_2"
"576",9,73.2,"run_2"
"577",10,73.1,"run_2"
"578",11,73,"run_2"
"579",12,72.8,"run_2"
"580",13,72.7,"run_2"
"581",14,72.7,"run_2"
"582",15,72.5,"run_2"
"583",16,72.3,"run_2"
"584",17,72.2,"run_2"
"585",18,72,"run_2"
"586",19,71.9,"run_2"
"587",20,71.7,"run_2"
"588",21,71.6,"run_2"
"589",22,71.5,"run_2"
"590",23,71.4,"run_2"
"591",24,71.3,"run_2"
"592",25,71.3,"run_2"
"593",26,71.1,"run_2"
"594",27,71,"run_2"
"595",28,71,"run_2"
"596",29,70.8,"run_2"
"597",30,70.7,"run_2"
"598",31,70.6,"run_2"
"599",32,70.5,"run_2"
"600",33,70.4,"run_2"
"601",34,70.3,"run_2"
"602",35,70.2,"run_2"
"603",36,70.1,"run_2"
"604",37,70,"run_2"
"605",38,69.9,"run_2"
"606",39,69.8,"run_2"
"607",40,69.7,"run_2"
"608",41,69.6,"run_2"
"609",42,69.6,"run_2"
"610",43,69.5,"run_2"
"611",44,69.3,"run_2"
"612",45,69.2,"run_2"
"613",46,69.2,"run_2"
"614",47,69.1,"run_2"
"615",48,68.9,"run_2"
"616",49,68.9,"run_2"
"617",50,68.8,"run_2"
"618",51,68.7,"run_2"
"619",52,68.6,"run_2"
"620",53,68.4,"run_2"
"621",54,68.3,"run_2"
"622",55,68.2,"run_2"
"623",56,68.1,"run_2"
"624",57,68,"run_2"
"625",58,67.9,"run_2"
"626",59,67.8,"run_2"
"627",60,67.7,"run_2"
"628",61,67.7,"run_2"
"629",62,67.6,"run_2"
"630",63,67.5,"run_2"
"631",64,67.4,"run_2"
"632",65,67.3,"run_2"
"633",66,67.2,"run_2"
"634",67,67.1,"run_2"
"635",68,67,"run_2"
"636",69,67,"run_2"
"637",70,66.9,"run_2"
"638",71,66.8,"run_2"
"639",72,66.7,"run_2"
"640",73,66.5,"run_2"
"641",74,66.5,"run_2"
"642",75,66.4,"run_2"
"643",76,66.3,"run_2"
"644",77,66.2,"run_2"
"645",78,66.1,"run_2"
"646",79,66,"run_2"
"647",80,66,"run_2"
"648",81,65.9,"run_2"
"649",82,65.8,"run_2"
"650",83,65.7,"run_2"
"651",84,65.6,"run_2"
"652",85,65.6,"run_2"
"653",86,65.5,"run_2"
"654",87,65.4,"run_2"
"655",88,65.3,"run_2"
"656",89,65.2,"run_2"
"657",90,65.1,"run_2"
"658",91,65,"run_2"
"659",92,65,"run_2"
"660",93,64.9,"run_2"
"661",94,64.8,"run_2"
"662",95,64.8,"run_2"
"663",96,64.7,"run_2"
"664",97,64.6,"run_2"
"665",98,64.6,"run_2"
"666",99,64.5,"run_2"
"667",100,64.4,"run_2"
"668",101,64.3,"run_2"
"669",102,64.3,"run_2"
"670",103,64.2,"run_2"
"671",104,64.1,"run_2"
"672",105,64,"run_2"
"673",106,63.9,"run_2"
"674",107,63.8,"run_2"
"675",108,63.7,"run_2"
"676",109,63.7,"run_2"
"677",110,63.6,"run_2"
"678",111,63.5,"run_2"
"679",112,63.5,"run_2"
"680",113,63.4,"run_2"
"681",114,63.3,"run_2"
"682",115,63.3,"run_2"
"683",116,63.3,"run_2"
"684",117,63.2,"run_2"
"685",118,63.2,"run_2"
"686",119,63.1,"run_2"
"687",120,63.1,"run_2"
"688",121,63,"run_2"
"689",122,62.9,"run_2"
"690",123,62.8,"run_2"
"691",124,62.7,"run_2"
"692",125,62.6,"run_2"
"693",126,62.6,"run_2"
"694",127,62.5,"run_2"
"695",128,62.4,"run_2"
"696",129,62.4,"run_2"
"697",130,62.3,"run_2"
"698",131,62.2,"run_2"
"699",132,62.2,"run_2"
"700",133,62.1,"run_2"
"701",134,62.1,"run_2"
"702",135,62,"run_2"
"703",136,61.9,"run_2"
"704",137,61.9,"run_2"
"705",138,61.8,"run_2"
"706",139,61.8,"run_2"
"707",140,61.7,"run_2"
"708",141,61.6,"run_2"
"709",142,61.5,"run_2"
"710",143,61.5,"run_2"
"711",144,61.4,"run_2"
"712",145,61.3,"run_2"
"713",146,61.3,"run_2"
"714",147,61.2,"run_2"
"715",148,61.2,"run_2"
"716",149,61.1,"run_2"
"717",150,61,"run_2"
"718",151,60.9,"run_2"
"719",152,60.9,"run_2"
"720",153,60.8,"run_2"
"721",154,60.8,"run_2"
"722",155,60.7,"run_2"
"723",156,60.7,"run_2"
"724",157,60.6,"run_2"
"725",158,60.5,"run_2"
"726",159,60.5,"run_2"
"727",160,60.3,"run_2"
"728",161,60.2,"run_2"
"729",162,60.2,"run_2"
"730",163,60.1,"run_2"
"731",164,60,"run_2"
"732",165,59.9,"run_2"
"733",166,59.8,"run_2"
"734",167,59.7,"run_2"
"735",168,59.7,"run_2"
"736",169,59.6,"run_2"
"737",170,59.5,"run_2"
"738",171,59.5,"run_2"
"739",172,59.4,"run_2"
"740",173,59.3,"run_2"
"741",174,59.3,"run_2"
"742",175,59.2,"run_2"
"743",176,59.2,"run_2"
"744",177,59.1,"run_2"
"745",178,59,"run_2"
"746",179,58.9,"run_2"
"747",180,58.9,"run_2"
"748",181,58.8,"run_2"
"749",182,58.7,"run_2"
"750",183,58.6,"run_2"
"751",184,58.6,"run_2"
"752",185,58.5,"run_2"
"753",186,58.5,"run_2"
"754",187,58.4,"run_2"
"755",188,58.3,"run_2"
"756",189,58.2,"run_2"
"757",190,58.2,"run_2"
"758",191,58.2,"run_2"
"759",192,58.1,"run_2"
"760",193,58,"run_2"
"761",194,57.9,"run_2"
"762",195,57.9,"run_2"
"763",196,57.9,"run_2"
"764",197,57.8,"run_2"
"765",198,57.7,"run_2"
"766",199,57.6,"run_2"
"767",200,57.6,"run_2"
"768",201,57.5,"run_2"
"769",202,57.5,"run_2"
"770",203,57.4,"run_2"
"771",204,57.3,"run_2"
"772",205,57.2,"run_2"
"773",206,57.2,"run_2"
"774",207,57.1,"run_2"
"775",208,57.1,"run_2"
"776",209,57,"run_2"
"777",210,57,"run_2"
"778",211,56.9,"run_2"
"779",212,56.8,"run_2"
"780",213,56.8,"run_2"
"781",214,56.7,"run_2"
"782",215,56.7,"run_2"
"783",216,56.6,"run_2"
"784",217,56.5,"run_2"
"785",218,56.5,"run_2"
"786",219,56.4,"run_2"
"787",220,56.3,"run_2"
"788",221,56.3,"run_2"
"789",222,56.2,"run_2"
"790",223,56.1,"run_2"
"791",224,56,"run_2"
"792",225,56,"run_2"
"793",226,55.9,"run_2"
"794",227,55.8,"run_2"
"795",228,55.8,"run_2"
"796",229,55.7,"run_2"
"797",230,55.6,"run_2"
"798",231,55.5,"run_2"
"799",232,55.5,"run_2"
"800",233,55.4,"run_2"
"801",234,55.4,"run_2"
"802",235,55.3,"run_2"
"803",236,55.3,"run_2"
"804",237,55.2,"run_2"
"805",238,55.2,"run_2"
"806",239,55.1,"run_2"
"807",240,55.1,"run_2"
"808",241,55,"run_2"
"809",242,55,"run_2"
"810",243,54.9,"run_2"
"811",244,54.8,"run_2"
"812",245,54.7,"run_2"
"813",246,54.7,"run_2"
"814",247,54.7,"run_2"
"815",248,54.6,"run_2"
"816",249,54.5,"run_2"
"817",250,54.5,"run_2"
"818",251,54.4,"run_2"
"819",252,54.3,"run_2"
"820",253,54.3,"run_2"
"821",254,54.2,"run_2"
"822",255,54.1,"run_2"
"823",256,54.1,"run_2"
"824",257,54,"run_2"
"825",258,54,"run_2"
"826",259,53.9,"run_2"
"827",260,53.9,"run_2"
"828",261,53.9,"run_2"
"829",262,53.8,"run_2"
"830",263,53.7,"run_2"
"831",264,53.7,"run_2"
"832",265,53.7,"run_2"
"833",266,53.5,"run_2"
"834",267,53.5,"run_2"
"835",268,53.4,"run_2"
"836",269,53.4,"run_2"
"837",270,53.3,"run_2"
"838",271,53.3,"run_2"
"839",272,53.2,"run_2"
"840",273,53.1,"run_2"
"841",274,53.1,"run_2"
"842",275,53,"run_2"
"843",276,53,"run_2"
"844",277,52.9,"run_2"
"845",278,52.8,"run_2"
"846",279,52.8,"run_2"
"847",280,52.8,"run_2"
"848",281,52.7,"run_2"
"849",282,52.6,"run_2"
"850",283,52.6,"run_2"
"851",284,52.5,"run_2"
"852",285,52.5,"run_2"
"853",286,52.4,"run_2"
"854",287,52.3,"run_2"
"855",288,52.3,"run_2"
"856",289,52.2,"run_2"
"857",290,52.2,"run_2"
"858",291,52.1,"run_2"
"859",292,52.1,"run_2"
"860",293,52,"run_2"
"861",294,52,"run_2"
"862",295,51.9,"run_2"
"863",296,51.8,"run_2"
"864",297,51.8,"run_2"
"865",298,51.7,"run_2"
"866",299,51.7,"run_2"
"867",300,51.6,"run_2"
"868",301,51.5,"run_2"
"869",302,51.5,"run_2"
"870",303,51.4,"run_2"
"871",304,51.3,"run_2"
"872",305,51.3,"run_2"
"873",306,51.2,"run_2"
"874",307,51.2,"run_2"
"875",308,51.1,"run_2"
"876",309,51,"run_2"
"877",310,50.9,"run_2"
"878",311,50.9,"run_2"
"879",312,50.9,"run_2"
"880",313,50.8,"run_2"
"881",314,50.7,"run_2"
"882",315,50.7,"run_2"
"883",316,50.6,"run_2"
"884",317,50.6,"run_2"
"885",318,50.5,"run_2"
"886",319,50.5,"run_2"
"887",320,50.5,"run_2"
"888",321,50.4,"run_2"
"889",322,50.4,"run_2"
"890",323,50.4,"run_2"
"891",324,50.4,"run_2"
"892",325,50.3,"run_2"
"893",326,50.3,"run_2"
"894",327,50.3,"run_2"
"895",328,50.3,"run_2"
"896",329,50.2,"run_2"
"897",330,50.2,"run_2"
"898",331,50.2,"run_2"
"899",332,50.2,"run_2"
"900",333,50.1,"run_2"
"901",334,50.1,"run_2"
"902",335,50.1,"run_2"
"903",336,50,"run_2"
"904",337,50,"run_2"
"905",338,49.9,"run_2"
"906",339,49.9,"run_2"
"907",340,49.9,"run_2"
"908",341,49.8,"run_2"
"909",342,49.7,"run_2"
"910",343,49.7,"run_2"
"911",344,49.6,"run_2"
"912",345,49.6,"run_2"
"913",346,49.5,"run_2"
"914",347,49.5,"run_2"
"915",348,49.4,"run_2"
"916",349,49.3,"run_2"
"917",350,49.3,"run_2"
"918",351,49.2,"run_2"
"919",352,49.1,"run_2"
"920",353,49.1,"run_2"
"921",354,49,"run_2"
"922",355,49,"run_2"
"923",356,48.9,"run_2"
"924",357,48.8,"run_2"
"925",358,48.6,"run_2"
"926",359,48.4,"run_2"
"927",360,48.2,"run_2"
"928",361,48.1,"run_2"
"929",362,48,"run_2"
"930",363,47.9,"run_2"
"931",364,47.9,"run_2"
"932",365,47.8,"run_2"
"933",366,47.8,"run_2"
"934",367,47.7,"run_2"
"935",368,47.7,"run_2"
"936",369,47.6,"run_2"
"937",370,47.6,"run_2"
"938",371,47.6,"run_2"
"939",372,47.5,"run_2"
"940",373,47.5,"run_2"
"941",374,47.5,"run_2"
"942",375,47.4,"run_2"
"943",376,47.4,"run_2"
"944",377,47.4,"run_2"
"945",378,47.3,"run_2"
"946",379,47.3,"run_2"
"947",380,47.3,"run_2"
"948",381,47.3,"run_2"
"949",382,47.2,"run_2"
"950",383,47.2,"run_2"
"951",384,47.2,"run_2"
"952",385,47.1,"run_2"
"953",386,47.1,"run_2"
"954",387,47.1,"run_2"
"955",388,47,"run_2"
"956",389,47,"run_2"
"957",390,47,"run_2"
"958",391,46.9,"run_2"
"959",392,46.9,"run_2"
"960",393,46.8,"run_2"
"961",394,46.8,"run_2"
"962",395,46.8,"run_2"
"963",396,46.7,"run_2"
"964",397,46.7,"run_2"
"965",398,46.6,"run_2"
"966",399,46.6,"run_2"
"967",400,46.6,"run_2"
"968",401,46.5,"run_2"
"969",402,46.4,"run_2"
"970",403,46.4,"run_2"
"971",404,46.4,"run_2"
"972",405,46.3,"run_2"
"973",406,46.3,"run_2"
"974",407,46.3,"run_2"
"975",408,46.2,"run_2"
"976",409,46.2,"run_2"
"977",410,46.2,"run_2"
"978",411,46.1,"run_2"
"979",412,46.1,"run_2"
"980",413,46,"run_2"
"981",414,46,"run_2"
"982",415,45.9,"run_2"
"983",416,45.9,"run_2"
"984",417,45.8,"run_2"
"985",418,45.8,"run_2"
"986",419,45.8,"run_2"
"987",420,45.8,"run_2"
"988",421,45.7,"run_2"
"989",422,45.7,"run_2"
"990",423,45.6,"run_2"
"991",424,45.6,"run_2"
"992",425,45.5,"run_2"
"993",426,45.5,"run_2"
"994",427,45.4,"run_2"
"995",428,45.4,"run_2"
"996",429,45.3,"run_2"
"997",430,45.2,"run_2"
"998",431,45.2,"run_2"
"999",432,45.2,"run_2"
"1000",433,45.1,"run_2"
"1001",434,45.1,"run_2"
"1002",435,45,"run_2"
"1003",436,45,"run_2"
"1004",437,44.9,"run_2"
"1005",438,44.9,"run_2"
"1006",439,44.8,"run_2"
"1007",440,44.8,"run_2"
"1008",441,44.8,"run_2"
"1009",442,44.7,"run_2"
"1010",443,44.7,"run_2"
"1011",444,44.6,"run_2"
"1012",445,44.6,"run_2"
"1013",446,44.5,"run_2"
"1014",447,44.5,"run_2"
"1015",448,44.5,"run_2"
"1016",449,44.4,"run_2"
"1017",450,44.4,"run_2"
"1018",451,44.3,"run_2"
"1019",452,44.3,"run_2"
"1020",453,44.2,"run_2"
"1021",454,44.2,"run_2"
"1022",455,44.2,"run_2"
"1023",456,44.1,"run_2"
"1024",457,44.1,"run_2"
"1025",458,44,"run_2"
"1026",459,44,"run_2"
"1027",460,43.9,"run_2"
"1028",461,43.9,"run_2"
"1029",462,43.8,"run_2"
"1030",463,43.8,"run_2"
"1031",464,43.7,"run_2"
"1032",465,43.7,"run_2"
"1033",466,43.6,"run_2"
"1034",467,43.5,"run_2"
"1035",468,43.5,"run_2"
"1036",469,43.5,"run_2"
"1037",470,43.4,"run_2"
"1038",471,43.4,"run_2"
"1039",472,43.4,"run_2"
"1040",473,43.3,"run_2"
"1041",474,43.3,"run_2"
"1042",475,43.2,"run_2"
"1043",476,43.2,"run_2"
"1044",477,43.1,"run_2"
"1045",478,43.1,"run_2"
"1046",479,43,"run_2"
"1047",480,43,"run_2"
"1048",481,43,"run_2"
"1049",482,42.9,"run_2"
"1050",483,42.9,"run_2"
"1051",484,42.8,"run_2"
"1052",485,42.8,"run_2"
"1053",486,42.8,"run_2"
"1054",487,42.8,"run_2"
"1055",488,42.7,"run_2"
"1056",489,42.7,"run_2"
"1057",490,42.6,"run_2"
"1058",491,42.6,"run_2"
"1059",492,42.5,"run_2"
"1060",493,42.5,"run_2"
"1061",494,42.4,"run_2"
"1062",495,42.4,"run_2"
"1063",496,42.4,"run_2"
"1064",497,42.3,"run_2"
"1065",498,42.3,"run_2"
"1066",499,42.2,"run_2"
"1067",500,42.2,"run_2"
"1068",501,42.1,"run_2"
"1069",502,42.1,"run_2"
"1070",503,42.1,"run_2"
"1071",504,42,"run_2"
"1072",505,42,"run_2"
"1073",506,42,"run_2"
"1074",507,41.9,"run_2"
"1075",508,41.9,"run_2"
"1076",509,41.9,"run_2"
"1077",510,41.8,"run_2"
"1078",511,41.8,"run_2"
"1079",512,41.7,"run_2"
"1080",513,41.7,"run_2"
"1081",514,41.6,"run_2"
"1082",515,41.6,"run_2"
"1083",516,41.5,"run_2"
"1084",517,41.5,"run_2"
"1085",518,41.5,"run_2"
"1086",519,41.4,"run_2"
"1087",520,41.4,"run_2"
"1088",521,41.3,"run_2"
"1089",522,41.3,"run_2"
"1090",523,41.3,"run_2"
"1091",524,41.2,"run_2"
"1092",525,41.2,"run_2"
"1093",526,41.2,"run_2"
"1094",527,41.1,"run_2"
"1095",528,41.1,"run_2"
"1096",529,41.1,"run_2"
"1097",530,41,"run_2"
"1098",531,41,"run_2"
"1099",532,41,"run_2"
"1100",533,40.9,"run_2"
"1101",534,40.9,"run_2"
"1102",535,40.9,"run_2"
"1103",536,40.9,"run_2"
"1104",537,40.8,"run_2"
"1105",538,40.8,"run_2"
"1106",539,40.7,"run_2"
"1107",540,40.7,"run_2"
"1108",541,40.6,"run_2"
"1109",542,40.6,"run_2"
"1110",543,40.6,"run_2"
"1111",544,40.5,"run_2"
"1112",545,40.5,"run_2"
"1113",546,40.5,"run_2"
"1114",547,40.4,"run_2"
"1115",548,40.4,"run_2"
"1116",549,40.4,"run_2"
"1117",550,40.3,"run_2"
"1118",551,40.3,"run_2"
"1119",552,40.3,"run_2"
"1120",553,40.2,"run_2"
"1121",554,40.2,"run_2"
"1122",555,40.2,"run_2"
"1123",556,40.1,"run_2"
"1124",557,40.1,"run_2"
"1125",558,40.1,"run_2"
"1126",559,40.1,"run_2"
"1127",560,40,"run_2"
"1128",561,40,"run_2"
"1129",562,39.9,"run_2"
"1130",563,39.9,"run_2"
"1131",564,39.9,"run_2"
"1132",565,39.9,"run_2"
"1133",566,39.8,"run_2"
"1134",567,39.8,"run_2"
"1135",568,39.8,"run_2"
"1136",569,39.8,"run_2"
"1137",570,39.7,"run_2"
"1138",571,39.7,"run_2"
"1139",572,39.7,"run_2"
"1140",573,39.7,"run_2"
"1141",574,39.6,"run_2"
"1142",575,39.6,"run_2"
"1143",576,39.6,"run_2"
"1144",577,39.5,"run_2"
"1145",578,39.5,"run_2"
"1146",579,39.5,"run_2"
"1147",580,39.4,"run_2"
"1148",581,39.4,"run_2"
"1149",582,39.3,"run_2"
"1150",583,39.3,"run_2"
"1151",584,39.3,"run_2"
"1152",585,39.2,"run_2"
"1153",586,39.2,"run_2"
"1154",587,39.1,"run_2"
"1155",588,39.1,"run_2"
"1156",589,39.1,"run_2"
"1157",590,39.1,"run_2"
"1158",591,39,"run_2"
"1159",592,39,"run_2"
"1160",593,39,"run_2"
"1161",594,39,"run_2"
"1162",595,39,"run_2"
"1163",596,38.9,"run_2"
"1164",597,38.9,"run_2"
"1165",598,38.9,"run_2"
"1166",599,38.8,"run_2"
"1167",600,38.8,"run_2"
"1168",608,38.5,"run_2"
"1169",609,38.5,"run_2"
"1170",610,38.5,"run_2"
"1171",611,38.5,"run_2"
"1172",612,38.4,"run_2"
"1173",613,38.4,"run_2"
"1174",614,38.4,"run_2"
"1175",615,38.4,"run_2"
"1176",616,38.4,"run_2"
"1177",617,38.3,"run_2"
"1178",618,38.3,"run_2"
"1179",619,38.3,"run_2"
"1180",620,38.2,"run_2"
"1181",621,38.2,"run_2"
"1182",622,38.1,"run_2"
"1183",623,38.1,"run_2"
"1184",624,38.1,"run_2"
"1185",625,38.1,"run_2"
"1186",626,38,"run_2"
"1187",627,38,"run_2"
"1188",628,38,"run_2"
"1189",629,37.9,"run_2"
"1190",630,37.9,"run_2"
"1191",631,37.9,"run_2"
"1192",632,37.9,"run_2"
"1193",633,37.8,"run_2"
"1194",634,37.8,"run_2"
"1195",635,37.7,"run_2"
"1196",636,37.7,"run_2"
"1197",637,37.7,"run_2"
"1198",638,37.7,"run_2"
"1199",639,37.6,"run_2"
"1200",640,37.6,"run_2"
"1201",641,37.6,"run_2"
"1202",642,37.5,"run_2"
"1203",643,37.5,"run_2"
"1204",644,37.5,"run_2"
"1205",645,37.5,"run_2"
"1206",646,37.4,"run_2"
"1207",647,37.4,"run_2"
"1208",648,37.4,"run_2"
"1209",649,37.4,"run_2"
"1210",650,37.3,"run_2"
"1211",651,37.3,"run_2"
"1212",652,37.2,"run_2"
"1213",653,37.2,"run_2"
"1214",654,37.2,"run_2"
"1215",655,37.1,"run_2"
"1216",656,37.1,"run_2"
"1217",657,37.1,"run_2"
"1218",658,37.1,"run_2"
"1219",659,37,"run_2"
"1220",660,37,"run_2"
"1221",661,37,"run_2"
"1222",662,37,"run_2"
"1223",663,37,"run_2"
"1224",664,36.9,"run_2"
"1225",665,36.9,"run_2"
"1226",666,36.9,"run_2"
"1227",667,36.9,"run_2"
"1228",668,36.8,"run_2"
"1229",669,36.8,"run_2"
"1230",670,36.8,"run_2"
"1231",671,36.7,"run_2"
"1232",672,36.7,"run_2"
"1233",673,36.7,"run_2"
"1234",674,36.7,"run_2"
"1235",675,36.7,"run_2"
"1236",676,36.7,"run_2"
"1237",677,36.6,"run_2"
"1238",678,36.6,"run_2"
"1239",679,36.6,"run_2"
"1240",680,36.6,"run_2"
"1241",681,36.5,"run_2"
"1242",682,36.5,"run_2"
"1243",683,36.5,"run_2"
"1244",684,36.5,"run_2"
"1245",685,36.5,"run_2"
"1246",686,36.4,"run_2"
"1247",687,36.4,"run_2"
"1248",688,36.4,"run_2"
"1249",689,36.4,"run_2"
"1250",690,36.4,"run_2"
"1251",691,36.3,"run_2"
"1252",692,36.3,"run_2"
"1253",693,36.3,"run_2"
"1254",694,36.2,"run_2"
"1255",695,36.2,"run_2"
"1256",696,36.1,"run_2"
"1257",697,36.1,"run_2"
"1258",698,36.1,"run_2"
"1259",699,36.1,"run_2"
"1260",700,36,"run_2"
"1261",701,36,"run_2"
"1262",702,36,"run_2"
"1263",703,36,"run_2"
"1264",704,36,"run_2"
"1265",705,36,"run_2"
"1266",706,36,"run_2"
"1267",707,35.9,"run_2"
"1268",708,35.9,"run_2"
"1269",709,35.9,"run_2"
"1270",710,35.8,"run_2"
"1271",711,35.8,"run_2"
"1272",712,35.8,"run_2"
"1273",713,35.7,"run_2"
"1274",714,35.7,"run_2"
"1275",715,35.7,"run_2"
"1276",716,35.7,"run_2"
"1277",717,35.7,"run_2"
"1278",718,35.6,"run_2"
"1279",719,35.6,"run_2"
"1280",720,35.6,"run_2"
"1281",721,35.6,"run_2"
"1282",722,35.5,"run_2"
"1283",723,35.5,"run_2"
"1284",724,35.5,"run_2"
"1285",725,35.5,"run_2"
"1286",726,35.5,"run_2"
"1287",727,35.4,"run_2"
"1288",728,35.4,"run_2"
"1289",729,35.4,"run_2"
"1290",730,35.4,"run_2"
"1291",731,35.4,"run_2"
"1292",732,35.3,"run_2"
"1293",733,35.3,"run_2"
"1294",734,35.3,"run_2"
"1295",735,35.2,"run_2"
"1296",736,35.2,"run_2"
"1297",737,35.2,"run_2"
"1298",738,35.2,"run_2"
"1299",739,35.2,"run_2"
"1300",740,35.1,"run_2"
"1301",741,35.1,"run_2"
"1302",742,35.1,"run_2"
"1303",743,35.1,"run_2"
"1304",744,35.1,"run_2"
"1305",745,35.1,"run_2"
"1306",746,35.1,"run_2"
"1307",747,35.1,"run_2"
"1308",748,35,"run_2"
"1309",749,35,"run_2"
"1310",750,34.9,"run_2"
"1311",751,34.9,"run_2"
"1312",752,34.9,"run_2"
"1313",753,34.9,"run_2"
"1314",754,34.9,"run_2"
"1315",755,34.8,"run_2"
"1316",756,34.8,"run_2"
"1317",757,34.8,"run_2"
"1318",758,34.8,"run_2"
"1319",759,34.8,"run_2"
"1320",760,34.8,"run_2"
"1321",761,34.8,"run_2"
"1322",762,34.8,"run_2"
"1323",763,34.8,"run_2"
"1324",764,34.8,"run_2"
"1325",765,34.8,"run_2"
"1326",766,34.8,"run_2"
"1327",767,34.8,"run_2"
"1328",768,34.8,"run_2"
"1329",769,34.8,"run_2"
"1330",770,34.8,"run_2"
"1331",771,34.9,"run_2"
"1332",772,34.9,"run_2"
"1333",773,34.9,"run_2"
"1334",774,34.9,"run_2"
"1335",775,34.9,"run_2"
"1336",776,35,"run_2"
"1337",777,35,"run_2"
"1338",778,35,"run_2"
"1339",779,35,"run_2"
"1340",780,35.1,"run_2"
"1341",781,35.1,"run_2"
"1342",782,35.1,"run_2"
"1343",783,35.1,"run_2"
"1344",784,35.1,"run_2"
"1345",785,35.1,"run_2"
"1346",786,35.1,"run_2"
"1347",787,35.1,"run_2"
"1348",788,35.1,"run_2"
"1349",789,35.1,"run_2"
"1350",790,35.1,"run_2"
"1351",791,35.1,"run_2"
"1352",792,35.1,"run_2"
"1353",793,35.1,"run_2"
"1354",794,35.1,"run_2"
"1355",795,35.2,"run_2"
"1356",796,35.2,"run_2"
"1357",797,35.2,"run_2"
"1358",798,35.1,"run_2"
"1359",799,35.2,"run_2"
"1360",800,35.2,"run_2"
"1361",801,35.2,"run_2"
"1362",802,35.2,"run_2"
"1363",803,35.2,"run_2"
"1364",804,35.2,"run_2"
"1365",805,35.2,"run_2"
"1366",806,35.2,"run_2"
"1367",807,35.2,"run_2"
"1368",808,35.2,"run_2"
"1369",809,35.2,"run_2"
"1370",810,35.2,"run_2"
"1371",811,35.1,"run_2"
"1372",812,35.1,"run_2"
"1373",813,35.1,"run_2"
"1374",814,35.1,"run_2"
"1375",815,35.1,"run_2"
"1376",816,35.1,"run_2"
"1377",817,35.1,"run_2"
"1378",818,35.1,"run_2"
"1379",819,35.1,"run_2"
"1380",820,35.1,"run_2"
"1381",821,35.1,"run_2"
"1382",822,35.1,"run_2"
"1383",823,35.1,"run_2"
"1384",824,35.1,"run_2"
"1385",825,35.1,"run_2"
"1386",826,35.1,"run_2"
"1387",827,35.1,"run_2"
"1388",828,35.1,"run_2"
"1389",829,35.1,"run_2"
"1390",830,35.1,"run_2"
"1391",831,35.1,"run_2"
"1392",832,35.1,"run_2"
"1393",833,35.1,"run_2"
"1394",834,35.1,"run_2"
"1395",835,35.1,"run_2"
"1396",836,35.1,"run_2"
"1397",837,35.1,"run_2"
"1398",838,35.1,"run_2"
"1399",839,35.1,"run_2"
"1400",840,35.1,"run_2"
"1401",841,35.1,"run_2"
"1402",842,35.1,"run_2"
"1403",843,35.1,"run_2"
"1404",844,35.1,"run_2"
"1405",845,35.1,"run_2"
